"Indicador","Ano","UF","Numerador - Obitos em menores de 5 anos estimados","Denominador - Nascidos vivos estimados","Fator"
"MRT.1.05",2000,11,1404.0,35005.0,1000
"MRT.1.05",2000,12,819.0,20249.0,1000
"MRT.1.05",2000,13,3899.0,88258.0,1000
"MRT.1.05",2000,14,323.0,11185.0,1000
"MRT.1.05",2000,15,6229.0,174996.0,1000
"MRT.1.05",2000,16,587.0,17493.0,1000
"MRT.1.05",2000,17,1409.0,29910.0,1000
"MRT.1.05",2000,21,7681.0,162414.0,1000
"MRT.1.05",2000,22,3009.0,70432.0,1000
"MRT.1.05",2000,23,6963.0,169208.0,1000
"MRT.1.05",2000,24,2894.0,61939.0,1000
"MRT.1.05",2000,25,4006.0,76117.0,1000
"MRT.1.05",2000,26,8463.0,180593.0,1000
"MRT.1.05",2000,27,4256.0,74117.0,1000
"MRT.1.05",2000,28,2087.0,44343.0,1000
"MRT.1.05",2000,29,13657.0,288692.0,1000
"MRT.1.05",2000,31,10453.0,343218.0,1000
"MRT.1.05",2000,32,1302.0,61065.0,1000
"MRT.1.05",2000,33,5788.0,260843.0,1000
"MRT.1.05",2000,35,13692.0,696519.0,1000
"MRT.1.05",2000,41,4115.0,185328.0,1000
"MRT.1.05",2000,42,1721.0,95451.0,1000
"MRT.1.05",2000,43,3099.0,179120.0,1000
"MRT.1.05",2000,50,1172.0,43730.0,1000
"MRT.1.05",2000,51,2005.0,56108.0,1000
"MRT.1.05",2000,52,2824.0,98329.0,1000
"MRT.1.05",2000,53,794.0,48203.0,1000
"MRT.1.05",2001,11,1315.0,34072.0,1000
"MRT.1.05",2001,12,621.0,19647.0,1000
"MRT.1.05",2001,13,3582.0,82596.0,1000
"MRT.1.05",2001,14,279.0,10981.0,1000
"MRT.1.05",2001,15,6282.0,174848.0,1000
"MRT.1.05",2001,16,622.0,17223.0,1000
"MRT.1.05",2001,17,1303.0,28878.0,1000
"MRT.1.05",2001,21,7773.0,140955.0,1000
"MRT.1.05",2001,22,2880.0,68175.0,1000
"MRT.1.05",2001,23,6065.0,161886.0,1000
"MRT.1.05",2001,24,2722.0,57592.0,1000
"MRT.1.05",2001,25,3182.0,74782.0,1000
"MRT.1.05",2001,26,7583.0,173804.0,1000
"MRT.1.05",2001,27,4203.0,73910.0,1000
"MRT.1.05",2001,28,2079.0,40667.0,1000
"MRT.1.05",2001,29,12049.0,270377.0,1000
"MRT.1.05",2001,31,8966.0,323578.0,1000
"MRT.1.05",2001,32,1135.0,57953.0,1000
"MRT.1.05",2001,33,5167.0,243974.0,1000
"MRT.1.05",2001,35,12000.0,650710.0,1000
"MRT.1.05",2001,41,3389.0,169743.0,1000
"MRT.1.05",2001,42,1622.0,87916.0,1000
"MRT.1.05",2001,43,2967.0,162477.0,1000
"MRT.1.05",2001,50,1195.0,41133.0,1000
"MRT.1.05",2001,51,1845.0,53501.0,1000
"MRT.1.05",2001,52,2703.0,99439.0,1000
"MRT.1.05",2001,53,822.0,47098.0,1000
"MRT.1.05",2002,11,1172.0,31252.0,1000
"MRT.1.05",2002,12,619.0,20175.0,1000
"MRT.1.05",2002,13,3322.0,81784.0,1000
"MRT.1.05",2002,14,207.0,10245.0,1000
"MRT.1.05",2002,15,5803.0,168944.0,1000
"MRT.1.05",2002,16,578.0,16768.0,1000
"MRT.1.05",2002,17,1193.0,28808.0,1000
"MRT.1.05",2002,21,7757.0,147325.0,1000
"MRT.1.05",2002,22,2490.0,63393.0,1000
"MRT.1.05",2002,23,6033.0,156621.0,1000
"MRT.1.05",2002,24,2502.0,57279.0,1000
"MRT.1.05",2002,25,3041.0,71423.0,1000
"MRT.1.05",2002,26,6487.0,164507.0,1000
"MRT.1.05",2002,27,3508.0,70887.0,1000
"MRT.1.05",2002,28,1736.0,38585.0,1000
"MRT.1.05",2002,29,10846.0,269144.0,1000
"MRT.1.05",2002,31,8393.0,309655.0,1000
"MRT.1.05",2002,32,1089.0,56494.0,1000
"MRT.1.05",2002,33,4890.0,233779.0,1000
"MRT.1.05",2002,35,11242.0,634951.0,1000
"MRT.1.05",2002,41,3349.0,167039.0,1000
"MRT.1.05",2002,42,1550.0,86075.0,1000
"MRT.1.05",2002,43,2934.0,156428.0,1000
"MRT.1.05",2002,50,1026.0,41129.0,1000
"MRT.1.05",2002,51,1698.0,53596.0,1000
"MRT.1.05",2002,52,2639.0,99592.0,1000
"MRT.1.05",2002,53,734.0,46003.0,1000
"MRT.1.05",2003,11,1075.0,30774.0,1000
"MRT.1.05",2003,12,536.0,19381.0,1000
"MRT.1.05",2003,13,3041.0,78705.0,1000
"MRT.1.05",2003,14,274.0,11533.0,1000
"MRT.1.05",2003,15,5992.0,172748.0,1000
"MRT.1.05",2003,16,518.0,17229.0,1000
"MRT.1.05",2003,17,1052.0,29087.0,1000
"MRT.1.05",2003,21,6812.0,157453.0,1000
"MRT.1.05",2003,22,2373.0,59419.0,1000
"MRT.1.05",2003,23,5816.0,149491.0,1000
"MRT.1.05",2003,24,2054.0,55541.0,1000
"MRT.1.05",2003,25,2823.0,69715.0,1000
"MRT.1.05",2003,26,6235.0,166907.0,1000
"MRT.1.05",2003,27,2958.0,69481.0,1000
"MRT.1.05",2003,28,1489.0,39179.0,1000
"MRT.1.05",2003,29,10250.0,264504.0,1000
"MRT.1.05",2003,31,7809.0,305371.0,1000
"MRT.1.05",2003,32,996.0,56647.0,1000
"MRT.1.05",2003,33,4822.0,233803.0,1000
"MRT.1.05",2003,35,10855.0,621328.0,1000
"MRT.1.05",2003,41,2973.0,156806.0,1000
"MRT.1.05",2003,42,1430.0,84201.0,1000
"MRT.1.05",2003,43,2771.0,149861.0,1000
"MRT.1.05",2003,50,1014.0,42180.0,1000
"MRT.1.05",2003,51,1629.0,54077.0,1000
"MRT.1.05",2003,52,2572.0,98897.0,1000
"MRT.1.05",2003,53,745.0,46301.0,1000
"MRT.1.05",2004,11,1013.0,29873.0,1000
"MRT.1.05",2004,12,584.0,19095.0,1000
"MRT.1.05",2004,13,2640.0,77967.0,1000
"MRT.1.05",2004,14,301.0,11010.0,1000
"MRT.1.05",2004,15,5850.0,167211.0,1000
"MRT.1.05",2004,16,505.0,16089.0,1000
"MRT.1.05",2004,17,984.0,27881.0,1000
"MRT.1.05",2004,21,5818.0,150441.0,1000
"MRT.1.05",2004,22,2043.0,59963.0,1000
"MRT.1.05",2004,23,4943.0,145640.0,1000
"MRT.1.05",2004,24,1892.0,54982.0,1000
"MRT.1.05",2004,25,2320.0,67760.0,1000
"MRT.1.05",2004,26,4985.0,159114.0,1000
"MRT.1.05",2004,27,2284.0,65002.0,1000
"MRT.1.05",2004,28,1302.0,37264.0,1000
"MRT.1.05",2004,29,9261.0,257068.0,1000
"MRT.1.05",2004,31,7207.0,295010.0,1000
"MRT.1.05",2004,32,959.0,55467.0,1000
"MRT.1.05",2004,33,4605.0,231432.0,1000
"MRT.1.05",2004,35,10471.0,629973.0,1000
"MRT.1.05",2004,41,2974.0,157961.0,1000
"MRT.1.05",2004,42,1355.0,87239.0,1000
"MRT.1.05",2004,43,2666.0,154681.0,1000
"MRT.1.05",2004,50,1092.0,42136.0,1000
"MRT.1.05",2004,51,1618.0,55828.0,1000
"MRT.1.05",2004,52,2441.0,96468.0,1000
"MRT.1.05",2004,53,753.0,45797.0,1000
"MRT.1.05",2005,11,858.0,30210.0,1000
"MRT.1.05",2005,12,627.0,19679.0,1000
"MRT.1.05",2005,13,2540.0,81795.0,1000
"MRT.1.05",2005,14,274.0,10908.0,1000
"MRT.1.05",2005,15,5250.0,168578.0,1000
"MRT.1.05",2005,16,448.0,15758.0,1000
"MRT.1.05",2005,17,905.0,28876.0,1000
"MRT.1.05",2005,21,5728.0,153384.0,1000
"MRT.1.05",2005,22,1963.0,60413.0,1000
"MRT.1.05",2005,23,4094.0,149666.0,1000
"MRT.1.05",2005,24,1649.0,56515.0,1000
"MRT.1.05",2005,25,2073.0,68889.0,1000
"MRT.1.05",2005,26,4652.0,161062.0,1000
"MRT.1.05",2005,27,2255.0,66162.0,1000
"MRT.1.05",2005,28,1257.0,38480.0,1000
"MRT.1.05",2005,29,8394.0,251363.0,1000
"MRT.1.05",2005,31,6897.0,293542.0,1000
"MRT.1.05",2005,32,961.0,54736.0,1000
"MRT.1.05",2005,33,4201.0,224579.0,1000
"MRT.1.05",2005,35,9790.0,622698.0,1000
"MRT.1.05",2005,41,2727.0,159498.0,1000
"MRT.1.05",2005,42,1260.0,87129.0,1000
"MRT.1.05",2005,43,2363.0,149358.0,1000
"MRT.1.05",2005,50,957.0,42166.0,1000
"MRT.1.05",2005,51,1538.0,57787.0,1000
"MRT.1.05",2005,52,2205.0,97325.0,1000
"MRT.1.05",2005,53,689.0,46121.0,1000
"MRT.1.05",2006,11,793.0,28797.0,1000
"MRT.1.05",2006,12,503.0,19041.0,1000
"MRT.1.05",2006,13,2445.0,82067.0,1000
"MRT.1.05",2006,14,292.0,10743.0,1000
"MRT.1.05",2006,15,5090.0,168414.0,1000
"MRT.1.05",2006,16,480.0,16501.0,1000
"MRT.1.05",2006,17,843.0,28562.0,1000
"MRT.1.05",2006,21,4732.0,148468.0,1000
"MRT.1.05",2006,22,1752.0,60054.0,1000
"MRT.1.05",2006,23,3779.0,145333.0,1000
"MRT.1.05",2006,24,1320.0,53771.0,1000
"MRT.1.05",2006,25,1771.0,65873.0,1000
"MRT.1.05",2006,26,3919.0,155414.0,1000
"MRT.1.05",2006,27,1850.0,63028.0,1000
"MRT.1.05",2006,28,1132.0,38148.0,1000
"MRT.1.05",2006,29,7563.0,240010.0,1000
"MRT.1.05",2006,31,6295.0,281329.0,1000
"MRT.1.05",2006,32,932.0,53173.0,1000
"MRT.1.05",2006,33,3920.0,219891.0,1000
"MRT.1.05",2006,35,9428.0,607852.0,1000
"MRT.1.05",2006,41,2511.0,155973.0,1000
"MRT.1.05",2006,42,1264.0,85401.0,1000
"MRT.1.05",2006,43,2180.0,142644.0,1000
"MRT.1.05",2006,50,940.0,40651.0,1000
"MRT.1.05",2006,51,1300.0,55091.0,1000
"MRT.1.05",2006,52,2026.0,94309.0,1000
"MRT.1.05",2006,53,651.0,45353.0,1000
"MRT.1.05",2007,11,664.0,28091.0,1000
"MRT.1.05",2007,12,547.0,18756.0,1000
"MRT.1.05",2007,13,2116.0,82469.0,1000
"MRT.1.05",2007,14,240.0,10679.0,1000
"MRT.1.05",2007,15,4506.0,164269.0,1000
"MRT.1.05",2007,16,472.0,15577.0,1000
"MRT.1.05",2007,17,764.0,26688.0,1000
"MRT.1.05",2007,21,4319.0,143158.0,1000
"MRT.1.05",2007,22,1647.0,57252.0,1000
"MRT.1.05",2007,23,3290.0,142591.0,1000
"MRT.1.05",2007,24,1281.0,51526.0,1000
"MRT.1.05",2007,25,1704.0,62951.0,1000
"MRT.1.05",2007,26,3577.0,151569.0,1000
"MRT.1.05",2007,27,1768.0,61521.0,1000
"MRT.1.05",2007,28,905.0,36593.0,1000
"MRT.1.05",2007,29,6763.0,237030.0,1000
"MRT.1.05",2007,31,5575.0,271548.0,1000
"MRT.1.05",2007,32,871.0,52357.0,1000
"MRT.1.05",2007,33,3791.0,218319.0,1000
"MRT.1.05",2007,35,9127.0,598509.0,1000
"MRT.1.05",2007,41,2319.0,148870.0,1000
"MRT.1.05",2007,42,1212.0,82656.0,1000
"MRT.1.05",2007,43,1994.0,134221.0,1000
"MRT.1.05",2007,50,893.0,38594.0,1000
"MRT.1.05",2007,51,1170.0,52331.0,1000
"MRT.1.05",2007,52,1820.0,91020.0,1000
"MRT.1.05",2007,53,610.0,44293.0,1000
"MRT.1.05",2008,11,637.0,27603.0,1000
"MRT.1.05",2008,12,468.0,19015.0,1000
"MRT.1.05",2008,13,2118.0,83142.0,1000
"MRT.1.05",2008,14,262.0,11202.0,1000
"MRT.1.05",2008,15,4261.0,164047.0,1000
"MRT.1.05",2008,16,492.0,16863.0,1000
"MRT.1.05",2008,17,678.0,27211.0,1000
"MRT.1.05",2008,21,3763.0,139582.0,1000
"MRT.1.05",2008,22,1444.0,56149.0,1000
"MRT.1.05",2008,23,3001.0,140560.0,1000
"MRT.1.05",2008,24,1186.0,52793.0,1000
"MRT.1.05",2008,25,1511.0,63013.0,1000
"MRT.1.05",2008,26,3255.0,152643.0,1000
"MRT.1.05",2008,27,1540.0,62116.0,1000
"MRT.1.05",2008,28,897.0,37238.0,1000
"MRT.1.05",2008,29,6019.0,234237.0,1000
"MRT.1.05",2008,31,5246.0,270840.0,1000
"MRT.1.05",2008,32,876.0,53926.0,1000
"MRT.1.05",2008,33,3651.0,217280.0,1000
"MRT.1.05",2008,35,8830.0,605828.0,1000
"MRT.1.05",2008,41,2327.0,152738.0,1000
"MRT.1.05",2008,42,1194.0,85146.0,1000
"MRT.1.05",2008,43,1990.0,136467.0,1000
"MRT.1.05",2008,50,854.0,42103.0,1000
"MRT.1.05",2008,51,1191.0,53514.0,1000
"MRT.1.05",2008,52,1745.0,92605.0,1000
"MRT.1.05",2008,53,598.0,44369.0,1000
"MRT.1.05",2009,11,662.0,29207.0,1000
"MRT.1.05",2009,12,473.0,17746.0,1000
"MRT.1.05",2009,13,2086.0,83237.0,1000
"MRT.1.05",2009,14,225.0,10671.0,1000
"MRT.1.05",2009,15,3986.0,156243.0,1000
"MRT.1.05",2009,16,451.0,16531.0,1000
"MRT.1.05",2009,17,632.0,26299.0,1000
"MRT.1.05",2009,21,3460.0,136368.0,1000
"MRT.1.05",2009,22,1286.0,53877.0,1000
"MRT.1.05",2009,23,2864.0,136951.0,1000
"MRT.1.05",2009,24,1074.0,51617.0,1000
"MRT.1.05",2009,25,1285.0,63265.0,1000
"MRT.1.05",2009,26,3104.0,149052.0,1000
"MRT.1.05",2009,27,1392.0,57832.0,1000
"MRT.1.05",2009,28,755.0,35794.0,1000
"MRT.1.05",2009,29,5639.0,228750.0,1000
"MRT.1.05",2009,31,4806.0,262105.0,1000
"MRT.1.05",2009,32,737.0,52692.0,1000
"MRT.1.05",2009,33,3693.0,218068.0,1000
"MRT.1.05",2009,35,8789.0,602449.0,1000
"MRT.1.05",2009,41,2174.0,150146.0,1000
"MRT.1.05",2009,42,1106.0,84268.0,1000
"MRT.1.05",2009,43,1853.0,134208.0,1000
"MRT.1.05",2009,50,902.0,40871.0,1000
"MRT.1.05",2009,51,1184.0,53836.0,1000
"MRT.1.05",2009,52,1631.0,89887.0,1000
"MRT.1.05",2009,53,610.0,44127.0,1000
"MRT.1.05",2010,11,632.0,28170.0,1000
"MRT.1.05",2010,12,400.0,16354.0,1000
"MRT.1.05",2010,13,1806.0,79456.0,1000
"MRT.1.05",2010,14,184.0,10686.0,1000
"MRT.1.05",2010,15,3679.0,151011.0,1000
"MRT.1.05",2010,16,422.0,16535.0,1000
"MRT.1.05",2010,17,600.0,25841.0,1000
"MRT.1.05",2010,21,3014.0,130450.0,1000
"MRT.1.05",2010,22,1123.0,51752.0,1000
"MRT.1.05",2010,23,2432.0,134517.0,1000
"MRT.1.05",2010,24,899.0,49463.0,1000
"MRT.1.05",2010,25,1183.0,61148.0,1000
"MRT.1.05",2010,26,2677.0,142786.0,1000
"MRT.1.05",2010,27,1227.0,57360.0,1000
"MRT.1.05",2010,28,674.0,34794.0,1000
"MRT.1.05",2010,29,5150.0,220757.0,1000
"MRT.1.05",2010,31,4408.0,262127.0,1000
"MRT.1.05",2010,32,723.0,53189.0,1000
"MRT.1.05",2010,33,3541.0,216696.0,1000
"MRT.1.05",2010,35,8281.0,604953.0,1000
"MRT.1.05",2010,41,2174.0,152057.0,1000
"MRT.1.05",2010,42,1047.0,85008.0,1000
"MRT.1.05",2010,43,1759.0,133496.0,1000
"MRT.1.05",2010,50,745.0,41207.0,1000
"MRT.1.05",2010,51,999.0,51501.0,1000
"MRT.1.05",2010,52,1521.0,91533.0,1000
"MRT.1.05",2010,53,621.0,44449.0,1000
"MRT.1.05",2011,11,500.0,29467.0,1000
"MRT.1.05",2011,12,371.0,18081.0,1000
"MRT.1.05",2011,13,1844.0,81624.0,1000
"MRT.1.05",2011,14,193.0,10857.0,1000
"MRT.1.05",2011,15,3487.0,151290.0,1000
"MRT.1.05",2011,16,404.0,16018.0,1000
"MRT.1.05",2011,17,536.0,26202.0,1000
"MRT.1.05",2011,21,2899.0,130708.0,1000
"MRT.1.05",2011,22,1103.0,52077.0,1000
"MRT.1.05",2011,23,2285.0,133765.0,1000
"MRT.1.05",2011,24,887.0,50379.0,1000
"MRT.1.05",2011,25,1103.0,60564.0,1000
"MRT.1.05",2011,26,2448.0,147201.0,1000
"MRT.1.05",2011,27,1145.0,56858.0,1000
"MRT.1.05",2011,28,707.0,35668.0,1000
"MRT.1.05",2011,29,4759.0,219096.0,1000
"MRT.1.05",2011,31,4369.0,264724.0,1000
"MRT.1.05",2011,32,798.0,54462.0,1000
"MRT.1.05",2011,33,3623.0,222073.0,1000
"MRT.1.05",2011,35,8365.0,613672.0,1000
"MRT.1.05",2011,41,2075.0,151564.0,1000
"MRT.1.05",2011,42,1201.0,88519.0,1000
"MRT.1.05",2011,43,1825.0,138792.0,1000
"MRT.1.05",2011,50,700.0,42486.0,1000
"MRT.1.05",2011,51,979.0,53298.0,1000
"MRT.1.05",2011,52,1654.0,94656.0,1000
"MRT.1.05",2011,53,573.0,43657.0,1000
"MRT.1.05",2012,11,500.0,27727.0,1000
"MRT.1.05",2012,12,376.0,17031.0,1000
"MRT.1.05",2012,13,1921.0,82629.0,1000
"MRT.1.05",2012,14,246.0,11509.0,1000
"MRT.1.05",2012,15,3213.0,146086.0,1000
"MRT.1.05",2012,16,423.0,15489.0,1000
"MRT.1.05",2012,17,470.0,25451.0,1000
"MRT.1.05",2012,21,2548.0,123926.0,1000
"MRT.1.05",2012,22,1006.0,49447.0,1000
"MRT.1.05",2012,23,2213.0,131381.0,1000
"MRT.1.05",2012,24,899.0,49211.0,1000
"MRT.1.05",2012,25,1079.0,58040.0,1000
"MRT.1.05",2012,26,2504.0,145912.0,1000
"MRT.1.05",2012,27,1025.0,55412.0,1000
"MRT.1.05",2012,28,665.0,34273.0,1000
"MRT.1.05",2012,29,4527.0,215259.0,1000
"MRT.1.05",2012,31,4185.0,265146.0,1000
"MRT.1.05",2012,32,728.0,54263.0,1000
"MRT.1.05",2012,33,3611.0,224342.0,1000
"MRT.1.05",2012,35,8198.0,619874.0,1000
"MRT.1.05",2012,41,2084.0,152341.0,1000
"MRT.1.05",2012,42,1112.0,89449.0,1000
"MRT.1.05",2012,43,1797.0,140098.0,1000
"MRT.1.05",2012,50,676.0,42924.0,1000
"MRT.1.05",2012,51,982.0,53070.0,1000
"MRT.1.05",2012,52,1667.0,93908.0,1000
"MRT.1.05",2012,53,586.0,43689.0,1000
"MRT.1.05",2013,11,469.0,27942.0,1000
"MRT.1.05",2013,12,365.0,16826.0,1000
"MRT.1.05",2013,13,1831.0,83550.0,1000
"MRT.1.05",2013,14,274.0,11677.0,1000
"MRT.1.05",2013,15,3052.0,146623.0,1000
"MRT.1.05",2013,16,414.0,16725.0,1000
"MRT.1.05",2013,17,445.0,25061.0,1000
"MRT.1.05",2013,21,2603.0,121612.0,1000
"MRT.1.05",2013,22,952.0,47554.0,1000
"MRT.1.05",2013,23,2193.0,129982.0,1000
"MRT.1.05",2013,24,840.0,48442.0,1000
"MRT.1.05",2013,25,1012.0,57750.0,1000
"MRT.1.05",2013,26,2384.0,142501.0,1000
"MRT.1.05",2013,27,1028.0,54926.0,1000
"MRT.1.05",2013,28,624.0,34582.0,1000
"MRT.1.05",2013,29,4326.0,208047.0,1000
"MRT.1.05",2013,31,3966.0,261789.0,1000
"MRT.1.05",2013,32,708.0,55472.0,1000
"MRT.1.05",2013,33,3390.0,225522.0,1000
"MRT.1.05",2013,35,8195.0,613824.0,1000
"MRT.1.05",2013,41,2023.0,157213.0,1000
"MRT.1.05",2013,42,1084.0,90617.0,1000
"MRT.1.05",2013,43,1729.0,142308.0,1000
"MRT.1.05",2013,50,679.0,43007.0,1000
"MRT.1.05",2013,51,1030.0,54663.0,1000
"MRT.1.05",2013,52,1597.0,96382.0,1000
"MRT.1.05",2013,53,628.0,44727.0,1000
"MRT.1.05",2014,11,500.0,28134.0,1000
"MRT.1.05",2014,12,389.0,17480.0,1000
"MRT.1.05",2014,13,1648.0,86043.0,1000
"MRT.1.05",2014,14,270.0,11944.0,1000
"MRT.1.05",2014,15,2871.0,149188.0,1000
"MRT.1.05",2014,16,392.0,16933.0,1000
"MRT.1.05",2014,17,425.0,25860.0,1000
"MRT.1.05",2014,21,2411.0,122693.0,1000
"MRT.1.05",2014,22,941.0,48855.0,1000
"MRT.1.05",2014,23,2023.0,131458.0,1000
"MRT.1.05",2014,24,797.0,49305.0,1000
"MRT.1.05",2014,25,978.0,58160.0,1000
"MRT.1.05",2014,26,2276.0,143861.0,1000
"MRT.1.05",2014,27,932.0,53246.0,1000
"MRT.1.05",2014,28,647.0,34610.0,1000
"MRT.1.05",2014,29,4049.0,209147.0,1000
"MRT.1.05",2014,31,3698.0,270755.0,1000
"MRT.1.05",2014,32,774.0,56626.0,1000
"MRT.1.05",2014,33,3465.0,235140.0,1000
"MRT.1.05",2014,35,8144.0,628433.0,1000
"MRT.1.05",2014,41,2060.0,161538.0,1000
"MRT.1.05",2014,42,1110.0,93552.0,1000
"MRT.1.05",2014,43,1763.0,144169.0,1000
"MRT.1.05",2014,50,700.0,44652.0,1000
"MRT.1.05",2014,51,1061.0,57988.0,1000
"MRT.1.05",2014,52,1585.0,101124.0,1000
"MRT.1.05",2014,53,596.0,44919.0,1000
"MRT.1.05",2015,11,452.0,28379.0,1000
"MRT.1.05",2015,12,362.0,17466.0,1000
"MRT.1.05",2015,13,1586.0,84203.0,1000
"MRT.1.05",2015,14,224.0,12018.0,1000
"MRT.1.05",2015,15,2632.0,149741.0,1000
"MRT.1.05",2015,16,335.0,16699.0,1000
"MRT.1.05",2015,17,403.0,26032.0,1000
"MRT.1.05",2015,21,2200.0,122546.0,1000
"MRT.1.05",2015,22,855.0,50009.0,1000
"MRT.1.05",2015,23,1895.0,137854.0,1000
"MRT.1.05",2015,24,795.0,50506.0,1000
"MRT.1.05",2015,25,850.0,60705.0,1000
"MRT.1.05",2015,26,2210.0,148734.0,1000
"MRT.1.05",2015,27,917.0,53887.0,1000
"MRT.1.05",2015,28,626.0,35528.0,1000
"MRT.1.05",2015,29,3711.0,213725.0,1000
"MRT.1.05",2015,31,3611.0,273956.0,1000
"MRT.1.05",2015,32,773.0,58731.0,1000
"MRT.1.05",2015,33,3436.0,239848.0,1000
"MRT.1.05",2015,35,7780.0,635925.0,1000
"MRT.1.05",2015,41,2027.0,162501.0,1000
"MRT.1.05",2015,42,1113.0,97704.0,1000
"MRT.1.05",2015,43,1753.0,149809.0,1000
"MRT.1.05",2015,50,644.0,45142.0,1000
"MRT.1.05",2015,51,998.0,58466.0,1000
"MRT.1.05",2015,52,1446.0,102582.0,1000
"MRT.1.05",2015,53,581.0,46427.0,1000
"MRT.1.05",2016,11,431.0,26887.0,1000
"MRT.1.05",2016,12,319.0,16148.0,1000
"MRT.1.05",2016,13,1542.0,79185.0,1000
"MRT.1.05",2016,14,275.0,12050.0,1000
"MRT.1.05",2016,15,2700.0,141441.0,1000
"MRT.1.05",2016,16,353.0,16222.0,1000
"MRT.1.05",2016,17,372.0,24490.0,1000
"MRT.1.05",2016,21,2053.0,114158.0,1000
"MRT.1.05",2016,22,885.0,47173.0,1000
"MRT.1.05",2016,23,1933.0,129780.0,1000
"MRT.1.05",2016,24,710.0,46403.0,1000
"MRT.1.05",2016,25,862.0,56339.0,1000
"MRT.1.05",2016,26,2157.0,132717.0,1000
"MRT.1.05",2016,27,853.0,49949.0,1000
"MRT.1.05",2016,28,569.0,32427.0,1000
"MRT.1.05",2016,29,3786.0,203656.0,1000
"MRT.1.05",2016,31,3436.0,256197.0,1000
"MRT.1.05",2016,32,766.0,53966.0,1000
"MRT.1.05",2016,33,3474.0,220522.0,1000
"MRT.1.05",2016,35,7714.0,603180.0,1000
"MRT.1.05",2016,41,1954.0,155677.0,1000
"MRT.1.05",2016,42,994.0,95678.0,1000
"MRT.1.05",2016,43,1671.0,141827.0,1000
"MRT.1.05",2016,50,683.0,42903.0,1000
"MRT.1.05",2016,51,935.0,54390.0,1000
"MRT.1.05",2016,52,1454.0,96584.0,1000
"MRT.1.05",2016,53,528.0,43872.0,1000
"MRT.1.05",2017,11,411.0,27595.0,1000
"MRT.1.05",2017,12,290.0,16623.0,1000
"MRT.1.05",2017,13,1599.0,79736.0,1000
"MRT.1.05",2017,14,259.0,12318.0,1000
"MRT.1.05",2017,15,2580.0,141601.0,1000
"MRT.1.05",2017,16,393.0,16104.0,1000
"MRT.1.05",2017,17,376.0,25462.0,1000
"MRT.1.05",2017,21,2189.0,115331.0,1000
"MRT.1.05",2017,22,879.0,48526.0,1000
"MRT.1.05",2017,23,2042.0,130492.0,1000
"MRT.1.05",2017,24,685.0,46831.0,1000
"MRT.1.05",2017,25,886.0,57473.0,1000
"MRT.1.05",2017,26,1977.0,137307.0,1000
"MRT.1.05",2017,27,824.0,51280.0,1000
"MRT.1.05",2017,28,586.0,33917.0,1000
"MRT.1.05",2017,29,3589.0,207086.0,1000
"MRT.1.05",2017,31,3523.0,262891.0,1000
"MRT.1.05",2017,32,714.0,56717.0,1000
"MRT.1.05",2017,33,3248.0,224147.0,1000
"MRT.1.05",2017,35,7707.0,612948.0,1000
"MRT.1.05",2017,41,1884.0,158359.0,1000
"MRT.1.05",2017,42,1130.0,98677.0,1000
"MRT.1.05",2017,43,1701.0,141761.0,1000
"MRT.1.05",2017,50,578.0,45147.0,1000
"MRT.1.05",2017,51,893.0,58202.0,1000
"MRT.1.05",2017,52,1351.0,98371.0,1000
"MRT.1.05",2017,53,578.0,44773.0,1000
"MRT.1.05",2018,11,411.0,28167.0,1000
"MRT.1.05",2018,12,334.0,16864.0,1000
"MRT.1.05",2018,13,1584.0,79624.0,1000
"MRT.1.05",2018,14,331.0,13920.0,1000
"MRT.1.05",2018,15,2571.0,143724.0,1000
"MRT.1.05",2018,16,361.0,16590.0,1000
"MRT.1.05",2018,17,403.0,25967.0,1000
"MRT.1.05",2018,21,2071.0,119221.0,1000
"MRT.1.05",2018,22,871.0,49606.0,1000
"MRT.1.05",2018,23,1941.0,134656.0,1000
"MRT.1.05",2018,24,676.0,48465.0,1000
"MRT.1.05",2018,25,836.0,60383.0,1000
"MRT.1.05",2018,26,2033.0,139914.0,1000
"MRT.1.05",2018,27,791.0,53042.0,1000
"MRT.1.05",2018,28,650.0,34262.0,1000
"MRT.1.05",2018,29,3625.0,207657.0,1000
"MRT.1.05",2018,31,3385.0,264744.0,1000
"MRT.1.05",2018,32,715.0,57206.0,1000
"MRT.1.05",2018,33,3295.0,221401.0,1000
"MRT.1.05",2018,35,7636.0,608457.0,1000
"MRT.1.05",2018,41,1946.0,156789.0,1000
"MRT.1.05",2018,42,1083.0,99919.0,1000
"MRT.1.05",2018,43,1598.0,140174.0,1000
"MRT.1.05",2018,50,604.0,44678.0,1000
"MRT.1.05",2018,51,861.0,59258.0,1000
"MRT.1.05",2018,52,1484.0,99724.0,1000
"MRT.1.05",2018,53,523.0,44185.0,1000
"MRT.1.05",2019,11,374.0,27091.0,1000
"MRT.1.05",2019,12,331.0,16631.0,1000
"MRT.1.05",2019,13,1539.0,78926.0,1000
"MRT.1.05",2019,14,348.0,15243.0,1000
"MRT.1.05",2019,15,2530.0,139591.0,1000
"MRT.1.05",2019,16,367.0,15934.0,1000
"MRT.1.05",2019,17,358.0,24874.0,1000
"MRT.1.05",2019,21,2017.0,115002.0,1000
"MRT.1.05",2019,22,818.0,48014.0,1000
"MRT.1.05",2019,23,1889.0,130999.0,1000
"MRT.1.05",2019,24,647.0,46266.0,1000
"MRT.1.05",2019,25,889.0,57621.0,1000
"MRT.1.05",2019,26,1904.0,134707.0,1000
"MRT.1.05",2019,27,801.0,50792.0,1000
"MRT.1.05",2019,28,634.0,32662.0,1000
"MRT.1.05",2019,29,3453.0,198902.0,1000
"MRT.1.05",2019,31,3487.0,257981.0,1000
"MRT.1.05",2019,32,704.0,55384.0,1000
"MRT.1.05",2019,33,3217.0,209338.0,1000
"MRT.1.05",2019,35,7566.0,584950.0,1000
"MRT.1.05",2019,41,1883.0,153987.0,1000
"MRT.1.05",2019,42,1080.0,98471.0,1000
"MRT.1.05",2019,43,1628.0,134638.0,1000
"MRT.1.05",2019,50,583.0,43975.0,1000
"MRT.1.05",2019,51,894.0,59503.0,1000
"MRT.1.05",2019,52,1486.0,97215.0,1000
"MRT.1.05",2019,53,454.0,42373.0,1000
"MRT.1.05",2020,11,390.0,25891.0,1000
"MRT.1.05",2020,12,301.0,15526.0,1000
"MRT.1.05",2020,13,1297.0,76834.0,1000
"MRT.1.05",2020,14,314.0,13992.0,1000
"MRT.1.05",2020,15,2379.0,134219.0,1000
"MRT.1.05",2020,16,319.0,15245.0,1000
"MRT.1.05",2020,17,320.0,23974.0,1000
"MRT.1.05",2020,21,1792.0,107530.0,1000
"MRT.1.05",2020,22,740.0,45475.0,1000
"MRT.1.05",2020,23,1687.0,123649.0,1000
"MRT.1.05",2020,24,577.0,43827.0,1000
"MRT.1.05",2020,25,815.0,56277.0,1000
"MRT.1.05",2020,26,1747.0,129878.0,1000
"MRT.1.05",2020,27,667.0,48717.0,1000
"MRT.1.05",2020,28,575.0,31670.0,1000
"MRT.1.05",2020,29,3118.0,190160.0,1000
"MRT.1.05",2020,31,3009.0,248739.0,1000
"MRT.1.05",2020,32,627.0,54177.0,1000
"MRT.1.05",2020,33,2883.0,200286.0,1000
"MRT.1.05",2020,35,6241.0,554290.0,1000
"MRT.1.05",2020,41,1587.0,146728.0,1000
"MRT.1.05",2020,42,1037.0,98411.0,1000
"MRT.1.05",2020,43,1294.0,130827.0,1000
"MRT.1.05",2020,50,543.0,42277.0,1000
"MRT.1.05",2020,51,830.0,57693.0,1000
"MRT.1.05",2020,52,1205.0,93505.0,1000
"MRT.1.05",2020,53,450.0,39336.0,1000
"MRT.1.05",2021,11,370.0,25575.0,1000
"MRT.1.05",2021,12,346.0,15865.0,1000
"MRT.1.05",2021,13,1433.0,79214.0,1000
"MRT.1.05",2021,14,361.0,14078.0,1000
"MRT.1.05",2021,15,2362.0,137868.0,1000
"MRT.1.05",2021,16,361.0,15504.0,1000
"MRT.1.05",2021,17,371.0,23946.0,1000
"MRT.1.05",2021,21,1808.0,110549.0,1000
"MRT.1.05",2021,22,723.0,45956.0,1000
"MRT.1.05",2021,23,1621.0,121406.0,1000
"MRT.1.05",2021,24,604.0,43696.0,1000
"MRT.1.05",2021,25,823.0,55860.0,1000
"MRT.1.05",2021,26,1817.0,127603.0,1000
"MRT.1.05",2021,27,772.0,49039.0,1000
"MRT.1.05",2021,28,518.0,31215.0,1000
"MRT.1.05",2021,29,3146.0,186696.0,1000
"MRT.1.05",2021,31,3018.0,243364.0,1000
"MRT.1.05",2021,32,709.0,52714.0,1000
"MRT.1.05",2021,33,2783.0,190319.0,1000
"MRT.1.05",2021,35,6359.0,525771.0,1000
"MRT.1.05",2021,41,1571.0,142543.0,1000
"MRT.1.05",2021,42,1026.0,96667.0,1000
"MRT.1.05",2021,43,1434.0,124505.0,1000
"MRT.1.05",2021,50,543.0,42263.0,1000
"MRT.1.05",2021,51,898.0,58426.0,1000
"MRT.1.05",2021,52,1304.0,91396.0,1000
"MRT.1.05",2021,53,478.0,38030.0,1000
"MRT.1.05",2022,11,411.0,24933.0,1000
"MRT.1.05",2022,12,312.0,14641.0,1000
"MRT.1.05",2022,13,1434.0,72938.0,1000
"MRT.1.05",2022,14,327.0,13420.0,1000
"MRT.1.05",2022,15,2292.0,128460.0,1000
"MRT.1.05",2022,16,310.0,14086.0,1000
"MRT.1.05",2022,17,354.0,22689.0,1000
"MRT.1.05",2022,21,1826.0,99074.0,1000
"MRT.1.05",2022,22,793.0,42595.0,1000
"MRT.1.05",2022,23,1589.0,113557.0,1000
"MRT.1.05",2022,24,574.0,40335.0,1000
"MRT.1.05",2022,25,911.0,50926.0,1000
"MRT.1.05",2022,26,1874.0,118542.0,1000
"MRT.1.05",2022,27,737.0,45816.0,1000
"MRT.1.05",2022,28,584.0,28455.0,1000
"MRT.1.05",2022,29,3157.0,175016.0,1000
"MRT.1.05",2022,31,3250.0,236208.0,1000
"MRT.1.05",2022,32,708.0,52078.0,1000
"MRT.1.05",2022,33,2860.0,181179.0,1000
"MRT.1.05",2022,35,6918.0,513506.0,1000
"MRT.1.05",2022,41,1765.0,140951.0,1000
"MRT.1.05",2022,42,1144.0,98535.0,1000
"MRT.1.05",2022,43,1482.0,121103.0,1000
"MRT.1.05",2022,50,623.0,40647.0,1000
"MRT.1.05",2022,51,1020.0,58452.0,1000
"MRT.1.05",2022,52,1387.0,90331.0,1000
"MRT.1.05",2022,53,456.0,35974.0,1000
"MRT.1.05",2023,11,361.0,23986.0,1000
"MRT.1.05",2023,12,314.0,14635.0,1000
"MRT.1.05",2023,13,1515.0,70824.0,1000
"MRT.1.05",2023,14,445.0,13407.0,1000
"MRT.1.05",2023,15,2314.0,126401.0,1000
"MRT.1.05",2023,16,342.0,13158.0,1000
"MRT.1.05",2023,17,345.0,23404.0,1000
"MRT.1.05",2023,21,1787.0,98158.0,1000
"MRT.1.05",2023,22,721.0,42293.0,1000
"MRT.1.05",2023,23,1544.0,112126.0,1000
"MRT.1.05",2023,24,531.0,39655.0,1000
"MRT.1.05",2023,25,797.0,51557.0,1000
"MRT.1.05",2023,26,1867.0,117182.0,1000
"MRT.1.05",2023,27,745.0,46550.0,1000
"MRT.1.05",2023,28,631.0,28934.0,1000
"MRT.1.05",2023,29,3004.0,171848.0,1000
"MRT.1.05",2023,31,3208.0,235198.0,1000
"MRT.1.05",2023,32,736.0,52507.0,1000
"MRT.1.05",2023,33,2838.0,176800.0,1000
"MRT.1.05",2023,35,6774.0,504453.0,1000
"MRT.1.05",2023,41,1775.0,140302.0,1000
"MRT.1.05",2023,42,1038.0,97006.0,1000
"MRT.1.05",2023,43,1395.0,121023.0,1000
"MRT.1.05",2023,50,662.0,40498.0,1000
"MRT.1.05",2023,51,1028.0,58948.0,1000
"MRT.1.05",2023,52,1339.0,92262.0,1000
"MRT.1.05",2023,53,474.0,35394.0,1000
"MRT.1.05",2024,11,0.0,0.0,1000
"MRT.1.05",2024,12,0.0,0.0,1000
"MRT.1.05",2024,13,0.0,0.0,1000
"MRT.1.05",2024,14,0.0,0.0,1000
"MRT.1.05",2024,15,0.0,0.0,1000
"MRT.1.05",2024,16,0.0,0.0,1000
"MRT.1.05",2024,17,0.0,0.0,1000
"MRT.1.05",2024,21,0.0,0.0,1000
"MRT.1.05",2024,22,0.0,0.0,1000
"MRT.1.05",2024,23,0.0,0.0,1000
"MRT.1.05",2024,24,0.0,0.0,1000
"MRT.1.05",2024,25,0.0,0.0,1000
"MRT.1.05",2024,26,0.0,0.0,1000
"MRT.1.05",2024,27,0.0,0.0,1000
"MRT.1.05",2024,28,0.0,0.0,1000
"MRT.1.05",2024,29,0.0,0.0,1000
"MRT.1.05",2024,31,0.0,0.0,1000
"MRT.1.05",2024,32,0.0,0.0,1000
"MRT.1.05",2024,33,0.0,0.0,1000
"MRT.1.05",2024,35,0.0,0.0,1000
"MRT.1.05",2024,41,0.0,0.0,1000
"MRT.1.05",2024,42,0.0,0.0,1000
"MRT.1.05",2024,43,0.0,0.0,1000
"MRT.1.05",2024,50,0.0,0.0,1000
"MRT.1.05",2024,51,0.0,0.0,1000
"MRT.1.05",2024,52,0.0,0.0,1000
"MRT.1.05",2024,53,0.0,0.0,1000
